UID,SpeciesName,ProjectStatus,NCBIAccessionNumber,Domain,Kingdom,Phylum,Family,Genus
1,Arabidopsis_halleri,Permanent_Draft,PRJNA323150,EUKARYAL,Viridiplantae,Streptophyta,Brassicaceae,Arabidopsis
2,Oryza_sativa,Complete_and_Published,PRJNA13141,EUKARYAL,Viridiplantae,Streptophyta,Poaceae,Oryza
3,Canis_lupus,Permanent_Draft,PRJNA13179,EUKARYAL,Metazoa,Chordata,Canidae,Canis
4,Ostreococcus_tauri,Permanent_Draft,PRJNA12912,EUKARYAL,Viridiplantae,Chlorophyta,Bathycoccaceae,Ostreococcus
5,Sorghum_versicolor,Permanent_Draft,PRJNA337450,EUKARYAL,Viridiplantae,Streptophyta,Poaceae,Sorghum
6,Limulus_polyphemus,Permanent_Draft,PRJNA20489,EUKARYAL,Metazoa,Arthropoda,Limulidae,Limulus
7,Meloidogyne_hapla,Permanent_Draft,PRJNA29083,EUKARYAL,Metazoa,Nematoda,Meloidogynidae,Meloidogyne
8,Capsella_rubella,Permanent_Draft,PRJNA13878,EUKARYAL,Viridiplantae,Streptophyta,Brassicaceae,Capsella
9,Aquilegia_formosa,Permanent_Draft,PRJNA18745,EUKARYAL,Viridiplantae,Streptophyta,Ranunculaceae,Aquilegia
10,Branchiostoma_floridae,Permanent_Draft,PRJNA20249,EUKARYAL,Metazoa,Chordata,Branchiostomidae,Branchiostoma
11,Hydra_vulgaris,Permanent_Draft,PRJNA12876,EUKARYAL,Metazoa,Cnidaria,Hydridae,Hydra
12,Lotus_japonicus,Permanent_Draft,PRJDA28941,EUKARYAL,Viridiplantae,Streptophyta,Fabaceae,Lotus
13,Micromonas_pusilla,Permanent_Draft,PRJNA15678,EUKARYAL,Viridiplantae,Chlorophyta,Mamiellaceae,Micromonas
14,Erythranthe_guttata,Permanent_Draft,PRJNA13880,EUKARYAL,Viridiplantae,Streptophyta,Phrymaceae,Erythranthe
15,Ricinus_communis,Permanent_Draft,PRJNA16585,EUKARYAL,Viridiplantae,Streptophyta,Euphorbiaceae,Ricinus
16,Volvox_carteri,Permanent_Draft,PRJNA13109,EUKARYAL,Viridiplantae,Chlorophyta,Volvocaceae,Volvox
17,Lytechinus_variegatus,Permanent_Draft,PRJNA62399,EUKARYAL,Metazoa,Echinodermata,Toxopneustidae,Lytechinus
18,Bicyclus_anynana,complete,PRJNA18027,EUKARYAL,Metazoa,Arthropoda,Nymphalidae,Bicyclus
19,Tursiops_truncatus,Permanent_Draft,PRJNA20367,EUKARYAL,Metazoa,Chordata,Delphinidae,Tursiops
20,Choloepus_hoffmanni,Permanent_Draft,PRJNA30809,EUKARYAL,Metazoa,Chordata,Megalonychidae,Choloepus
21,Manis_pentadactyla,Permanent_Draft,PRJNA20331,EUKARYAL,Metazoa,Chordata,Manidae,Manis
22,Echinops_telfairi,Permanent_Draft,PRJNA12590,EUKARYAL,Metazoa,Chordata,Tenrecidae,Echinops
23,Erinaceus_europaeus,Permanent_Draft,PRJNA12576,EUKARYAL,Metazoa,Chordata,Erinaceidae,Erinaceus
24,Sorex_araneus,Permanent_Draft,PRJNA13689,EUKARYAL,Metazoa,Chordata,Soricidae,Sorex
25,Gorilla_gorilla,Permanent_Draft,PRJNA18247,EUKARYAL,Metazoa,Chordata,Hominidae,Gorilla
26,Pongo_abelii,Permanent_Draft,PRJNA20869,EUKARYAL,Metazoa,Chordata,Hominidae,Pongo
27,Tupaia_belangeri,Permanent_Draft,PRJNA13971,EUKARYAL,Metazoa,Chordata,Tupaiidae,Tupaia
28,Echinococcus_multilocularis,Permanent_Draft,PRJEB122,EUKARYAL,Metazoa,Platyhelminthes,Taeniidae,Echinococcus
29,Saccoglossus_kowalevskii,Permanent_Draft,PRJNA12887,EUKARYAL,Metazoa,Hemichordata,Harrimaniidae,Saccoglossus
30,Carica_papaya,Permanent_Draft,PRJNA20267,EUKARYAL,Viridiplantae,Streptophyta,Caricaceae,Carica
31,Priapulus_caudatus,Permanent_Draft,PRJNA20497,EUKARYAL,Metazoa,Priapulida,Priapulidae,Priapulus
32,Lutzomyia_longipalpis,Permanent_Draft,PRJNA20279,EUKARYAL,Metazoa,Arthropoda,Psychodidae,Lutzomyia
33,Phlebotomus_papatasi,Permanent_Draft,PRJNA20293,EUKARYAL,Metazoa,Arthropoda,Psychodidae,Phlebotomus
34,Maylandia_zebra,Permanent_Draft,PRJNA29483,EUKARYAL,Metazoa,Chordata,Cichlidae,Maylandia
35,Vicugna_pacos,Permanent_Draft,PRJNA30567,EUKARYAL,Metazoa,Chordata,Camelidae,Vicugna
36,Malus_domestica,Permanent_Draft,PRJNA28845,EUKARYAL,Viridiplantae,Streptophyta,Rosaceae,Malus
37,Spirodela_polyrhiza,Permanent_Draft,_,EUKARYAL,Viridiplantae,Streptophyta,Araceae,Spirodela
38,Rhamphochromis_esox,Permanent_Draft,PRJNA29485,EUKARYAL,Metazoa,Chordata,Cichlidae,Rhamphochromis
39,Melanochromis_auratus,Permanent_Draft,PRJNA29481,EUKARYAL,Metazoa,Chordata,Cichlidae,Melanochromis
40,Varroa_destructor,Permanent_Draft,PRJNA33465,EUKARYAL,Metazoa,Arthropoda,Varroidae,Varroa
41,Meloidogyne_incognita,Permanent_Draft,PRJEA28837,EUKARYAL,Metazoa,Nematoda,Meloidogynidae,Meloidogyne
42,Nothobranchius_furzeri,Permanent_Draft,PRJNA29535,EUKARYAL,Metazoa,Chordata,Nothobranchiidae,Nothobranchius
43,Aquilegia_coerulea,Permanent_Draft,PRJNA33681,EUKARYAL,Viridiplantae,Streptophyta,Ranunculaceae,Aquilegia
44,Nothobranchius_kuhntae,Permanent_Draft,PRJNA33401,EUKARYAL,Metazoa,Chordata,Nothobranchiidae,Nothobranchius
45,Schistosoma_japonicum,Permanent_Draft,PRJEA34885,EUKARYAL,Metazoa,Platyhelminthes,Schistosomatidae,Schistosoma
46,Boechera_stricta,Permanent_Draft,PRJNA319286,EUKARYAL,Viridiplantae,Streptophyta,Brassicaceae,Boechera
47,Aptenodytes_forsteri,Permanent_Draft,PRJNA235982,EUKARYAL,Metazoa,Chordata,Spheniscidae,Aptenodytes
48,Jatropha_curcas,Complete_and_Published,PRJNA40903,EUKARYAL,Viridiplantae,Streptophyta,Euphorbiaceae,Jatropha
49,Bubalus_bubalis,Permanent_Draft,PRJNA40113,EUKARYAL,Metazoa,Chordata,Bovidae,Bubalus
50,Phoenix_dactylifera,Permanent_Draft,PRJNA40349,EUKARYAL,Viridiplantae,Streptophyta,Arecaceae,Phoenix
51,Aplysia_californica,Permanent_Draft,PRJNA13635,EUKARYAL,Metazoa,Mollusca,Aplysiidae,Aplysia
52,Procavia_capensis,Permanent_Draft,PRJNA13972,EUKARYAL,Metazoa,Chordata,Procaviidae,Procavia
53,Ochotona_princeps,Permanent_Draft,PRJNA19235,EUKARYAL,Metazoa,Chordata,Ochotonidae,Ochotona
54,Marchantia_polymorpha,Permanent_Draft,PRJNA53523,EUKARYAL,Viridiplantae,Streptophyta,Marchantiaceae,Marchantia
55,Asclepias_syriaca,Complete_and_Published,PRJNA47027,EUKARYAL,Viridiplantae,Streptophyta,Apocynaceae,Asclepias
56,Labeotropheus_fuelleborni,Permanent_Draft,PRJNA29479,EUKARYAL,Metazoa,Chordata,Cichlidae,Labeotropheus
57,Salix_purpurea,Permanent_Draft,PRJNA59609,EUKARYAL,Viridiplantae,Streptophyta,Salicaceae,Salix
58,Nippostrongylus_brasiliensis,complete,PRJNA20449,EUKARYAL,Metazoa,Nematoda,Heligmonellidae,Nippostrongylus
59,Pogonomyrmex_barbatus,Permanent_Draft,PRJNA45797,EUKARYAL,Metazoa,Arthropoda,Formicidae,Pogonomyrmex
60,Eucalyptus_grandis,Permanent_Draft,PRJNA49047,EUKARYAL,Viridiplantae,Streptophyta,Myrtaceae,Eucalyptus
61,Patiria_miniata,Permanent_Draft,PRJNA49323,EUKARYAL,Metazoa,Echinodermata,Asterinidae,Patiria
62,Linepithema_humile,Permanent_Draft,PRJNA45799,EUKARYAL,Metazoa,Arthropoda,Formicidae,Linepithema
63,Camelus_dromedarius,complete,_,EUKARYAL,Metazoa,Chordata,Camelidae,Camelus
64,Vigna_radiata,Permanent_Draft,PRJNA32351,EUKARYAL,Viridiplantae,Streptophyta,Fabaceae,Vigna
65,Dicentrarchus_labrax,Permanent_Draft,PRJEA39865,EUKARYAL,Metazoa,Chordata,Moronidae,Dicentrarchus
66,Castanea_mollissima,Permanent_Draft,PRJNA46687,EUKARYAL,Viridiplantae,Streptophyta,Fagaceae,Castanea
67,Camponotus_floridanus,Permanent_Draft,PRJNA50201,EUKARYAL,Metazoa,Arthropoda,Formicidae,Camponotus
68,Apis_florea,Permanent_Draft,PRJNA45871,EUKARYAL,Metazoa,Arthropoda,Apidae,Apis
69,Chlorokybus_atmophyticus,Complete_and_Published,PRJNA51157,EUKARYAL,Viridiplantae,Streptophyta,Chlorokybaceae,Chlorokybus
70,Fragaria_vesca,Permanent_Draft,PRJNA60037,EUKARYAL,Viridiplantae,Streptophyta,Rosaceae,Fragaria
71,Citrus_trifoliata,Complete_and_Published,PRJNA53907,EUKARYAL,Viridiplantae,Streptophyta,Rutaceae,Citrus
72,Peromyscus_maniculatus,Permanent_Draft,PRJNA53563,EUKARYAL,Metazoa,Chordata,Cricetidae,Peromyscus
73,Haplochromis_burtoni,Permanent_Draft,PRJNA60363,EUKARYAL,Metazoa,Chordata,Cichlidae,Haplochromis
74,Neolamprologus_brichardi,Permanent_Draft,PRJNA60365,EUKARYAL,Metazoa,Chordata,Cichlidae,Neolamprologus
75,Pundamilia_nyererei,Permanent_Draft,PRJNA60367,EUKARYAL,Metazoa,Chordata,Cichlidae,Pundamilia
76,Glossina_morsitans,Permanent_Draft,PRJEA59499,EUKARYAL,Metazoa,Arthropoda,Glossinidae,Glossina
77,Sebastes_rubrivinctus,Permanent_Draft,PRJNA62009,EUKARYAL,Metazoa,Chordata,Sebastidae,Sebastes
78,Ascaris_suum,Permanent_Draft,PRJNA62057,EUKARYAL,Metazoa,Nematoda,Ascarididae,Ascaris
79,Python_molurus,Permanent_Draft,PRJNA61243,EUKARYAL,Metazoa,Chordata,Pythonidae,Python
80,Galendromus_occidentalis,Permanent_Draft,PRJNA62309,EUKARYAL,Metazoa,Arthropoda,Phytoseiidae,Galendromus
81,Drosophila_bipectinata,Permanent_Draft,PRJNA62313,EUKARYAL,Metazoa,Arthropoda,Drosophilidae,Drosophila
82,Drosophila_elegans,Permanent_Draft,PRJNA62315,EUKARYAL,Metazoa,Arthropoda,Drosophilidae,Drosophila
83,Drosophila_ficusphila,Permanent_Draft,PRJNA62317,EUKARYAL,Metazoa,Arthropoda,Drosophilidae,Drosophila
84,Drosophila_takahashii,Permanent_Draft,PRJNA62321,EUKARYAL,Metazoa,Arthropoda,Drosophilidae,Drosophila
85,Drosophila_kikkawai,Permanent_Draft,PRJNA62319,EUKARYAL,Metazoa,Arthropoda,Drosophilidae,Drosophila
86,Drosophila_biarmipes,Permanent_Draft,PRJNA62307,EUKARYAL,Metazoa,Arthropoda,Drosophilidae,Drosophila
87,Camelus_bactrianus,Complete_and_Published,PRJNA62509,EUKARYAL,Metazoa,Chordata,Camelidae,Camelus
88,Anguilla_japonica,Permanent_Draft,PRJNA158309,EUKARYAL,Metazoa,Chordata,Anguillidae,Anguilla
89,Azadirachta_indica,Permanent_Draft,PRJNA176672,EUKARYAL,Viridiplantae,Streptophyta,Meliaceae,Azadirachta
90,Zostera_marina,Permanent_Draft,PRJNA41721,EUKARYAL,Viridiplantae,Streptophyta,Zosteraceae,Zostera
91,Bos_indicus,Permanent_Draft,PRJNA72827,EUKARYAL,Metazoa,Chordata,Bovidae,Bos
92,Citrus_clementina,Permanent_Draft,PRJNA223006,EUKARYAL,Viridiplantae,Streptophyta,Rutaceae,Citrus
93,Citrus_sinensis,Permanent_Draft,PRJNA323162,EUKARYAL,Viridiplantae,Streptophyta,Rutaceae,Citrus
94,Arabidopsis_arenosa,targeted,_,EUKARYAL,Viridiplantae,Streptophyta,Brassicaceae,Arabidopsis
95,Prunus_mume,Permanent_Draft,PRJNA171605,EUKARYAL,Viridiplantae,Streptophyta,Rosaceae,Prunus
96,Bos_mutus,Permanent_Draft,PRJNA74739,EUKARYAL,Metazoa,Chordata,Bovidae,Bos
97,Anopheles_farauti,Permanent_Draft,PRJNA67229,EUKARYAL,Metazoa,Arthropoda,Culicidae,Anopheles
98,Cicer_arietinum,Complete_and_Published,PRJNA175619,EUKARYAL,Viridiplantae,Streptophyta,Fabaceae,Cicer
99,Anopheles_arabiensis,Permanent_Draft,PRJNA191565,EUKARYAL,Metazoa,Arthropoda,Culicidae,Anopheles
100,Anopheles_melas,Permanent_Draft,PRJNA163117,EUKARYAL,Metazoa,Arthropoda,Culicidae,Anopheles
101,Orycteropus_afer,Permanent_Draft,PRJNA74587,EUKARYAL,Metazoa,Chordata,Orycteropodidae,Orycteropus
102,Chrysochloris_asiatica,Permanent_Draft,PRJNA74591,EUKARYAL,Metazoa,Chordata,Chrysochloridae,Chrysochloris
103,Saimiri_boliviensis,Permanent_Draft,PRJNA67945,EUKARYAL,Metazoa,Chordata,Cebidae,Saimiri
104,Condylura_cristata,Permanent_Draft,PRJNA72447,EUKARYAL,Metazoa,Chordata,Talpidae,Condylura
105,Elephantulus_edwardii,Permanent_Draft,PRJNA74589,EUKARYAL,Metazoa,Chordata,Macroscelididae,Elephantulus
106,Eptesicus_fuscus,Permanent_Draft,PRJNA72449,EUKARYAL,Metazoa,Chordata,Vespertilionidae,Eptesicus
107,Trichechus_manatus,Permanent_Draft,PRJNA68243,EUKARYAL,Metazoa,Chordata,Trichechidae,Trichechus
108,Mustela_putorius,Permanent_Draft,PRJNA78213,EUKARYAL,Metazoa,Chordata,Mustelidae,Mustela
109,Ceratotherium_simum,Permanent_Draft,PRJNA74583,EUKARYAL,Metazoa,Chordata,Rhinocerotidae,Ceratotherium
110,Leptonychotes_weddellii,Permanent_Draft,PRJNA68235,EUKARYAL,Metazoa,Chordata,Phocidae,Leptonychotes
111,Vipera_berus,Permanent_Draft,PRJNA170536,EUKARYAL,Metazoa,Chordata,Viperidae,Vipera
112,Geospiza_fortis,Permanent_Draft,PRJNA156703,EUKARYAL,Metazoa,Chordata,Thraupidae,Geospiza
113,Pseudopodoces_humilis,Permanent_Draft,PRJNA175930,EUKARYAL,Metazoa,Chordata,Paridae,Pseudopodoces
114,Pteropus_alecto,Permanent_Draft,PRJNA171993,EUKARYAL,Metazoa,Chordata,Pteropodidae,Pteropus
115,Falco_cherrug,Permanent_Draft,PRJNA168071,EUKARYAL,Metazoa,Chordata,Falconidae,Falco
116,Myotis_davidii,Permanent_Draft,PRJNA171994,EUKARYAL,Metazoa,Chordata,Vespertilionidae,Myotis
117,Pantholops_hodgsonii,Permanent_Draft,PRJNA72465,EUKARYAL,Metazoa,Chordata,Bovidae,Pantholops
118,Columba_livia,Permanent_Draft,PRJNA167554,EUKARYAL,Metazoa,Chordata,Columbidae,Columba
119,Chelonia_mydas,Permanent_Draft,PRJNA104937,EUKARYAL,Metazoa,Chordata,Cheloniidae,Chelonia
120,Falco_peregrinus,Permanent_Draft,PRJNA159791,EUKARYAL,Metazoa,Chordata,Falconidae,Falco
121,Hevea_brasiliensis,Permanent_Draft,PRJNA80191,EUKARYAL,Viridiplantae,Streptophyta,Euphorbiaceae,Hevea
122,Apis_dorsata,Permanent_Draft,PRJNA174631,EUKARYAL,Metazoa,Arthropoda,Apidae,Apis
123,Amazona_vittata,Permanent_Draft,PRJNA171587,EUKARYAL,Metazoa,Chordata,Psittacidae,Amazona
124,Manduca_sexta,Permanent_Draft,PRJNA81037,EUKARYAL,Metazoa,Arthropoda,Sphingidae,Manduca
125,Pyrus_x_bretschneideri,Permanent_Draft,PRJNA157875,EUKARYAL,Viridiplantae,Streptophyta,Rosaceae,Pyrus
126,Citrullus_lanatus,Permanent_Draft,PRJNA72695,EUKARYAL,Viridiplantae,Streptophyta,Cucurbitaceae,Citrullus
127,Eutrema_salsugineum,Permanent_Draft,PRJNA80723,EUKARYAL,Viridiplantae,Streptophyta,Brassicaceae,Eutrema
128,Orussus_abietinus,Permanent_Draft,PRJNA171756,EUKARYAL,Metazoa,Arthropoda,Orussidae,Orussus
129,Stomoxys_calcitrans,Permanent_Draft,PRJNA188117,EUKARYAL,Metazoa,Arthropoda,Muscidae,Stomoxys
130,Ceratitis_capitata,Permanent_Draft,PRJNA168120,EUKARYAL,Metazoa,Arthropoda,Tephritidae,Ceratitis
131,Ephemera_danica,Permanent_Draft,PRJNA171755,EUKARYAL,Metazoa,Arthropoda,Ephemeridae,Ephemera
132,Musca_domestica,Permanent_Draft,PRJNA176013,EUKARYAL,Metazoa,Arthropoda,Muscidae,Musca
133,Drosophila_eugracilis,Permanent_Draft,PRJNA67709,EUKARYAL,Metazoa,Arthropoda,Drosophilidae,Drosophila
134,Gossypium_arboreum,Permanent_Draft,PRJNA181159,EUKARYAL,Viridiplantae,Streptophyta,Malvaceae,Gossypium
135,Cimex_lectularius,Permanent_Draft,PRJNA167477,EUKARYAL,Metazoa,Arthropoda,Cimicidae,Cimex
136,Panthera_tigris,Permanent_Draft,PRJNA182708,EUKARYAL,Metazoa,Chordata,Felidae,Panthera
137,Drosophila_rhopaloa,Permanent_Draft,PRJNA67665,EUKARYAL,Metazoa,Arthropoda,Drosophilidae,Drosophila
138,Picea_glauca,Permanent_Draft,PRJNA83435,EUKARYAL,Viridiplantae,Streptophyta,Pinaceae,Picea
139,Onthophagus_taurus,Permanent_Draft,PRJNA167478,EUKARYAL,Metazoa,Arthropoda,Scarabaeidae,Onthophagus
140,Parasteatoda_tepidariorum,Permanent_Draft,PRJNA167405,EUKARYAL,Metazoa,Arthropoda,Theridiidae,Parasteatoda
141,Pachypsylla_venusta,Permanent_Draft,PRJNA167476,EUKARYAL,Metazoa,Arthropoda,Aphalaridae,Pachypsylla
142,Balaenoptera_acutorostrata,Permanent_Draft,PRJNA72723,EUKARYAL,Metazoa,Chordata,Balaenopteridae,Balaenoptera
143,Nelumbo_nucifera,Permanent_Draft,PRJNA168000,EUKARYAL,Viridiplantae,Streptophyta,Nelumbonaceae,Nelumbo
144,Acropora_digitifera,Permanent_Draft,PRJDA67425,EUKARYAL,Metazoa,Cnidaria,Acroporidae,Acropora
145,Chlorocebus_aethiops,Permanent_Draft,PRJNA168621,EUKARYAL,Metazoa,Chordata,Cercopithecidae,Chlorocebus
146,Solanum_pimpinellifolium,Permanent_Draft,PRJNA72351,EUKARYAL,Viridiplantae,Streptophyta,Solanaceae,Solanum
147,Lactuca_sativa,Permanent_Draft,PRJNA68025,EUKARYAL,Viridiplantae,Streptophyta,Asteraceae,Lactuca
148,Mesobuthus_martensii,Permanent_Draft,PRJNA171479,EUKARYAL,Metazoa,Arthropoda,Buthidae,Mesobuthus
149,Physeter_catodon,Permanent_Draft,PRJNA89089,EUKARYAL,Metazoa,Chordata,Physeteridae,Physeter
150,Notothenia_coriiceps,Permanent_Draft,PRJNA66471,EUKARYAL,Metazoa,Chordata,Nototheniidae,Notothenia
151,Pinus_taeda,Permanent_Draft,PRJNA174450,EUKARYAL,Viridiplantae,Streptophyta,Pinaceae,Pinus
152,Linum_usitatissimum,Permanent_Draft,PRJNA68161,EUKARYAL,Viridiplantae,Streptophyta,Linaceae,Linum
153,Salmo_salar,Permanent_Draft,PRJNA72713,EUKARYAL,Metazoa,Chordata,Salmonidae,Salmo
154,Gavialis_gangeticus,Permanent_Draft,PRJNA172383,EUKARYAL,Metazoa,Chordata,Gavialidae,Gavialis
155,Crotalus_horridus,Permanent_Draft,PRJNA181087,EUKARYAL,Metazoa,Chordata,Viperidae,Crotalus
156,Panthera_leo,Complete_and_Published,PRJNA156677,EUKARYAL,Metazoa,Chordata,Felidae,Panthera
157,Takifugu_flavidus,Permanent_Draft,PRJNA168966,EUKARYAL,Metazoa,Chordata,Tetraodontidae,Takifugu
158,Alligator_mississippiensis,Permanent_Draft,PRJNA159843,EUKARYAL,Metazoa,Chordata,Alligatoridae,Alligator
159,Orcinus_orca,Permanent_Draft,PRJNA167475,EUKARYAL,Metazoa,Chordata,Delphinidae,Orcinus
160,Stegastes_partitus,Permanent_Draft,PRJNA89147,EUKARYAL,Metazoa,Chordata,Pomacentridae,Stegastes
161,Chrysemys_picta,Permanent_Draft,PRJNA78657,EUKARYAL,Metazoa,Chordata,Emydidae,Chrysemys
162,Crocodylus_porosus,Permanent_Draft,PRJNA163131,EUKARYAL,Metazoa,Chordata,Crocodylidae,Crocodylus
163,Odobenus_rosmarus,Permanent_Draft,PRJNA167474,EUKARYAL,Metazoa,Chordata,Odobenidae,Odobenus
164,Eucalyptus_camaldulensis,Permanent_Draft,PRJDA71141,EUKARYAL,Viridiplantae,Streptophyta,Myrtaceae,Eucalyptus
165,Cyprinodon_variegatus,Permanent_Draft,PRJNA89149,EUKARYAL,Metazoa,Chordata,Cyprinodontidae,Cyprinodon
166,Lipotes_vexillifer,Permanent_Draft,PRJNA174066,EUKARYAL,Metazoa,Chordata,Lipotidae,Lipotes
167,Daubentonia_madagascariensis,Permanent_Draft,PRJNA74997,EUKARYAL,Metazoa,Chordata,Daubentoniidae,Daubentonia
168,Apalone_spinifera,Permanent_Draft,PRJNA177958,EUKARYAL,Metazoa,Chordata,Trionychidae,Apalone
169,Odocoileus_virginianus,Permanent_Draft,PRJNA52611,EUKARYAL,Metazoa,Chordata,Cervidae,Odocoileus
170,Camelus_ferus,Permanent_Draft,PRJNA76177,EUKARYAL,Metazoa,Chordata,Camelidae,Camelus
171,Fundulus_heteroclitus,Permanent_Draft,PRJNA177717,EUKARYAL,Metazoa,Chordata,Fundulidae,Fundulus
172,Thamnophis_sirtalis,Permanent_Draft,PRJNA189551,EUKARYAL,Metazoa,Chordata,Colubridae,Thamnophis
173,Melopsittacus_undulatus,Permanent_Draft,PRJNA72527,EUKARYAL,Metazoa,Chordata,Psittaculidae,Melopsittacus
174,Anguilla_anguilla,Permanent_Draft,PRJNA73577,EUKARYAL,Metazoa,Chordata,Anguillidae,Anguilla
175,Cyprinus_carpio,Permanent_Draft,PRJNA73579,EUKARYAL,Metazoa,Chordata,Cyprinidae,Cyprinus
176,Mengenilla_moldrzyki,Permanent_Draft,PRJNA72521,EUKARYAL,Metazoa,Arthropoda,Mengenillidae,Mengenilla
177,Cucumis_melo,Permanent_Draft,PRJEB68,EUKARYAL,Viridiplantae,Streptophyta,Cucurbitaceae,Cucumis
178,Cannabis_sativa,Permanent_Draft,PRJNA73819,EUKARYAL,Viridiplantae,Streptophyta,Cannabaceae,Cannabis
179,Drosophila_miranda,Permanent_Draft,PRJNA77213,EUKARYAL,Metazoa,Arthropoda,Drosophilidae,Drosophila
180,Ensete_ventricosum,Permanent_Draft,PRJNA170519,EUKARYAL,Viridiplantae,Streptophyta,Musaceae,Ensete
181,Sebastes_nigrocinctus,Permanent_Draft,PRJNA171384,EUKARYAL,Metazoa,Chordata,Sebastidae,Sebastes
182,Schrenkiella_parvula,Complete_and_Published,PRJNA63667,EUKARYAL,Viridiplantae,Streptophyta,Brassicaceae,Schrenkiella
183,Nicotiana_tomentosiformis,Permanent_Draft,PRJNA182501,EUKARYAL,Viridiplantae,Streptophyta,Solanaceae,Nicotiana
184,Aethionema_arabicum,Permanent_Draft,PRJNA202984,EUKARYAL,Viridiplantae,Streptophyta,Brassicaceae,Aethionema
185,Blattella_germanica,Permanent_Draft,PRJNA203136,EUKARYAL,Metazoa,Arthropoda,Ectobiidae,Blattella
186,Eurytemora_affinis,Permanent_Draft,PRJNA203087,EUKARYAL,Metazoa,Arthropoda,Temoridae,Eurytemora
187,Limnephilus_lunatus,Permanent_Draft,PRJNA203303,EUKARYAL,Metazoa,Arthropoda,Limnephilidae,Limnephilus
188,Ara_macao,Permanent_Draft,PRJNA175470,EUKARYAL,Metazoa,Chordata,Psittacidae,Ara
189,Zonotrichia_albicollis,Permanent_Draft,PRJNA197293,EUKARYAL,Metazoa,Chordata,Passerellidae,Zonotrichia
190,Morus_notabilis,Permanent_Draft,PRJNA202089,EUKARYAL,Viridiplantae,Streptophyta,Moraceae,Morus
191,Nicotiana_sylvestris,Permanent_Draft,PRJNA182500,EUKARYAL,Viridiplantae,Streptophyta,Solanaceae,Nicotiana
192,Anoplopoma_fimbria,Permanent_Draft,PRJNA202249,EUKARYAL,Metazoa,Chordata,Anoplopomatidae,Anoplopoma
193,Poecilia_mexicana,Permanent_Draft,PRJNA196869,EUKARYAL,Metazoa,Chordata,Poeciliidae,Poecilia
194,Myotis_brandtii,Permanent_Draft,PRJNA178678,EUKARYAL,Metazoa,Chordata,Vespertilionidae,Myotis
195,Alligator_sinensis,Permanent_Draft,PRJNA215016,EUKARYAL,Metazoa,Chordata,Alligatoridae,Alligator
196,Rhinolophus_ferrumequinum,Permanent_Draft,PRJNA209409,EUKARYAL,Metazoa,Chordata,Rhinolophidae,Rhinolophus
197,Eidolon_helvum,Permanent_Draft,PRJNA209406,EUKARYAL,Metazoa,Chordata,Pteropodidae,Eidolon
198,Megaderma_lyra,Permanent_Draft,PRJNA209407,EUKARYAL,Metazoa,Chordata,Megadermatidae,Megaderma
199,Coryphaena_hippurus,Permanent_Draft,PRJNA221638,EUKARYAL,Metazoa,Chordata,Coryphaenidae,Coryphaena
200,Esox_lucius,Permanent_Draft,PRJNA221548,EUKARYAL,Metazoa,Chordata,Esocidae,Esox
201,Camelina_sativa,Permanent_Draft,PRJNA210747,EUKARYAL,Viridiplantae,Streptophyta,Brassicaceae,Camelina
202,Trichuris_suis,Permanent_Draft,PRJNA208416,EUKARYAL,Metazoa,Nematoda,Trichuridae,Trichuris
203,Parus_major,Permanent_Draft,PRJNA208335,EUKARYAL,Metazoa,Chordata,Paridae,Parus
204,Lethenteron_camtschaticum,Permanent_Draft,PRJNA192554,EUKARYAL,Metazoa,Chordata,Petromyzontidae,Lethenteron
205,Lagenaria_siceraria,Permanent_Draft,PRJNA200441,EUKARYAL,Viridiplantae,Streptophyta,Cucurbitaceae,Lagenaria
206,Elaeis_guineensis,Permanent_Draft,PRJNA192219,EUKARYAL,Viridiplantae,Streptophyta,Arecaceae,Elaeis
207,Thunnus_orientalis,Permanent_Draft,PRJDA68701,EUKARYAL,Metazoa,Chordata,Scombridae,Thunnus
208,Zizania_latifolia,Permanent_Draft,PRJNA187578,EUKARYAL,Viridiplantae,Streptophyta,Poaceae,Zizania
209,Actinidia_chinensis,Permanent_Draft,PRJNA187206,EUKARYAL,Viridiplantae,Streptophyta,Actinidiaceae,Actinidia
210,Elaeis_oleifera,Permanent_Draft,PRJNA183707,EUKARYAL,Viridiplantae,Streptophyta,Arecaceae,Elaeis
211,Echinococcus_granulosus,Permanent_Draft,PRJNA182977,EUKARYAL,Metazoa,Platyhelminthes,Taeniidae,Echinococcus
212,Tarenaya_hassleriana,Permanent_Draft,PRJNA175230,EUKARYAL,Viridiplantae,Streptophyta,Cleomaceae,Tarenaya
213,Lyrurus_tetrix,Permanent_Draft,PRJNA179551,EUKARYAL,Metazoa,Chordata,Phasianidae,Lyrurus
214,Pimephales_promelas,Permanent_Draft,PRJNA227290,EUKARYAL,Metazoa,Chordata,Cyprinidae,Pimephales
215,Populus_euphratica,Permanent_Draft,PRJNA178692,EUKARYAL,Viridiplantae,Streptophyta,Salicaceae,Populus
216,Pteronotus_parnellii,Permanent_Draft,PRJNA209408,EUKARYAL,Metazoa,Chordata,Mormoopidae,Pteronotus
217,Drosophila_suzukii,Permanent_Draft,PRJNA213258,EUKARYAL,Metazoa,Arthropoda,Drosophilidae,Drosophila
218,Ceratosolen_solmsi,Permanent_Draft,PRJNA178998,EUKARYAL,Metazoa,Arthropoda,Agaonidae,Ceratosolen
219,Mytilus_galloprovincialis,Permanent_Draft,PRJNA178783,EUKARYAL,Metazoa,Mollusca,Mytilidae,Mytilus
220,Anser_cygnoides,Permanent_Draft,PRJNA183603,EUKARYAL,Metazoa,Chordata,Anatidae,Anser
221,Locusta_migratoria,Permanent_Draft,PRJNA185471,EUKARYAL,Metazoa,Arthropoda,Acrididae,Locusta
222,Fragaria_iinumae,Permanent_Draft,PRJDB1478,EUKARYAL,Viridiplantae,Streptophyta,Rosaceae,Fragaria
223,Fragaria_nipponica,Permanent_Draft,PRJDB1479,EUKARYAL,Viridiplantae,Streptophyta,Rosaceae,Fragaria
224,Raphanus_raphanistrum,Permanent_Draft,PRJNA209513,EUKARYAL,Viridiplantae,Streptophyta,Brassicaceae,Raphanus
225,Ophiophagus_hannah,Permanent_Draft,PRJNA201683,EUKARYAL,Metazoa,Chordata,Elapidae,Ophiophagus
226,Sesamum_indicum,Complete_and_Published,PRJNA186669,EUKARYAL,Viridiplantae,Streptophyta,Pedaliaceae,Sesamum
227,Coturnix_japonica,Permanent_Draft,PRJDB1146,EUKARYAL,Metazoa,Chordata,Phasianidae,Coturnix
228,Serinus_canaria,Permanent_Draft,PRJEB1766,EUKARYAL,Metazoa,Chordata,Fringillidae,Serinus
229,Hordeum_pubiflorum,Permanent_Draft,PRJEB3404,EUKARYAL,Viridiplantae,Streptophyta,Poaceae,Hordeum
230,Capsicum_annuum,Permanent_Draft,PRJNA223222,EUKARYAL,Viridiplantae,Streptophyta,Solanaceae,Capsicum
231,Larimichthys_crocea,Permanent_Draft,PRJNA237858,EUKARYAL,Metazoa,Chordata,Sciaenidae,Larimichthys
232,Haliaeetus_leucocephalus,Permanent_Draft,PRJNA237821,EUKARYAL,Metazoa,Chordata,Accipitridae,Haliaeetus
233,Raphanus_sativus,Permanent_Draft,PRJNA239785,EUKARYAL,Viridiplantae,Streptophyta,Brassicaceae,Raphanus
234,Thlaspi_arvense,Permanent_Draft,PRJNA222676,EUKARYAL,Viridiplantae,Streptophyta,Brassicaceae,Thlaspi
235,Bactrocera_tryoni,Permanent_Draft,PRJNA241080,EUKARYAL,Metazoa,Arthropoda,Tephritidae,Bactrocera
236,Colinus_virginianus,Permanent_Draft,PRJNA188411,EUKARYAL,Metazoa,Chordata,Odontophoridae,Colinus
237,Aquila_chrysaetos,Permanent_Draft,PRJNA222866,EUKARYAL,Metazoa,Chordata,Accipitridae,Aquila
238,Arabis_alpina,Permanent_Draft,PRJNA241291,EUKARYAL,Viridiplantae,Streptophyta,Brassicaceae,Arabis
239,Pampus_argenteus,Permanent_Draft,PRJNA240272,EUKARYAL,Metazoa,Chordata,Stromateidae,Pampus
240,Acanthisitta_chloris,Permanent_Draft,PRJNA212877,EUKARYAL,Metazoa,Chordata,Acanthisittidae,Acanthisitta
241,Apaloderma_vittatum,Permanent_Draft,PRJNA212878,EUKARYAL,Metazoa,Chordata,Trogonidae,Apaloderma
242,Balearica_regulorum,Permanent_Draft,PRJNA212879,EUKARYAL,Metazoa,Chordata,Gruidae,Balearica
243,Buceros_rhinoceros,Permanent_Draft,PRJNA212887,EUKARYAL,Metazoa,Chordata,Bucerotidae,Buceros
244,Calypte_anna,Permanent_Draft,PRJNA212866,EUKARYAL,Metazoa,Chordata,Trochilidae,Calypte
245,Antrostomus_carolinensis,Permanent_Draft,PRJNA212888,EUKARYAL,Metazoa,Chordata,Caprimulgidae,Antrostomus
246,Cariama_cristata,Permanent_Draft,PRJNA212889,EUKARYAL,Metazoa,Chordata,Cariamidae,Cariama
247,Cathartes_aura,Permanent_Draft,PRJNA212890,EUKARYAL,Metazoa,Chordata,Cathartidae,Cathartes
248,Chaetura_pelagica,Permanent_Draft,PRJNA210808,EUKARYAL,Metazoa,Chordata,Apodidae,Chaetura
249,Charadrius_vociferus,Permanent_Draft,PRJNA212867,EUKARYAL,Metazoa,Chordata,Charadriidae,Charadrius
250,Chlamydotis_macqueenii,Permanent_Draft,PRJNA212891,EUKARYAL,Metazoa,Chordata,Otididae,Chlamydotis
251,Colius_striatus,Permanent_Draft,PRJNA212892,EUKARYAL,Metazoa,Chordata,Coliidae,Colius
252,Corvus_brachyrhynchos,Permanent_Draft,PRJNA212869,EUKARYAL,Metazoa,Chordata,Corvidae,Corvus
253,Cuculus_canorus,Permanent_Draft,PRJNA212870,EUKARYAL,Metazoa,Chordata,Cuculidae,Cuculus
254,Egretta_garzetta,Permanent_Draft,PRJNA232959,EUKARYAL,Metazoa,Chordata,Ardeidae,Egretta
255,Eurypyga_helias,Permanent_Draft,PRJNA212893,EUKARYAL,Metazoa,Chordata,Eurypygidae,Eurypyga
256,Fulmarus_glacialis,Permanent_Draft,PRJNA212894,EUKARYAL,Metazoa,Chordata,Procellariidae,Fulmarus
257,Gavia_stellata,Permanent_Draft,PRJNA212895,EUKARYAL,Metazoa,Chordata,Gaviidae,Gavia
258,Gyrodactylus_salaris,Permanent_Draft,PRJNA244375,EUKARYAL,Metazoa,Platyhelminthes,Gyrodactylidae,Gyrodactylus
259,Haliaeetus_albicilla,Permanent_Draft,PRJNA212896,EUKARYAL,Metazoa,Chordata,Accipitridae,Haliaeetus
260,Leptosomus_discolor,Permanent_Draft,PRJNA212897,EUKARYAL,Metazoa,Chordata,Leptosomidae,Leptosomus
261,Manacus_vitellinus,Permanent_Draft,PRJNA212872,EUKARYAL,Metazoa,Chordata,Pipridae,Manacus
262,Merops_nubicus,Permanent_Draft,PRJNA212898,EUKARYAL,Metazoa,Chordata,Meropidae,Merops
263,Mesitornis_unicolor,Permanent_Draft,PRJNA212899,EUKARYAL,Metazoa,Chordata,Mesitornithidae,Mesitornis
264,Nestor_notabilis,Permanent_Draft,PRJNA212900,EUKARYAL,Metazoa,Chordata,Psittacidae,Nestor
265,Nipponia_nippon,Permanent_Draft,PRJNA232572,EUKARYAL,Metazoa,Chordata,Threskiornithidae,Nipponia
266,Opisthocomus_hoazin,Permanent_Draft,PRJNA212873,EUKARYAL,Metazoa,Chordata,Opisthocomidae,Opisthocomus
267,Pelecanus_crispus,Permanent_Draft,PRJNA212901,EUKARYAL,Metazoa,Chordata,Pelecanidae,Pelecanus
268,Phaethon_lepturus,Permanent_Draft,PRJNA212902,EUKARYAL,Metazoa,Chordata,Phaethontidae,Phaethon
269,Phalacrocorax_carbo,Permanent_Draft,PRJNA212903,EUKARYAL,Metazoa,Chordata,Phalacrocoracidae,Phalacrocorax
270,Phoenicopterus_ruber,Permanent_Draft,PRJNA212904,EUKARYAL,Metazoa,Chordata,Phoenicopteridae,Phoenicopterus
271,Picoides_pubescens,Permanent_Draft,PRJNA212874,EUKARYAL,Metazoa,Chordata,Picidae,Picoides
272,Podiceps_cristatus,Permanent_Draft,PRJNA212905,EUKARYAL,Metazoa,Chordata,Podicipedidae,Podiceps
273,Pterocles_gutturalis,Permanent_Draft,PRJNA212906,EUKARYAL,Metazoa,Chordata,Pteroclidae,Pterocles
274,Pygoscelis_adeliae,Permanent_Draft,PRJNA235983,EUKARYAL,Metazoa,Chordata,Spheniscidae,Pygoscelis
275,Struthio_camelus,Permanent_Draft,PRJNA212875,EUKARYAL,Metazoa,Chordata,Struthionidae,Struthio
276,Tauraco_erythrolophus,Permanent_Draft,PRJNA212908,EUKARYAL,Metazoa,Chordata,Musophagidae,Tauraco
277,Tyto_alba,Permanent_Draft,PRJNA212909,EUKARYAL,Metazoa,Chordata,Tytonidae,Tyto
278,Aquilaria_agallochum,Permanent_Draft,PRJNA240626,EUKARYAL,Viridiplantae,Streptophyta,Thymelaeaceae,Aquilaria
279,Equus_przewalskii,Permanent_Draft,PRJNA200657,EUKARYAL,Metazoa,Chordata,Equidae,Equus
280,Colobus_angolensis,Permanent_Draft,PRJNA251421,EUKARYAL,Metazoa,Chordata,Cercopithecidae,Colobus
281,Silybum_marianum,Permanent_Draft,PRJNA251972,EUKARYAL,Viridiplantae,Streptophyta,Asteraceae,Silybum
282,Bactrocera_dorsalis,Permanent_Draft,PRJNA208413,EUKARYAL,Metazoa,Arthropoda,Tephritidae,Bactrocera
283,Eragrostis_tef,Permanent_Draft,PRJNA253673,EUKARYAL,Viridiplantae,Streptophyta,Poaceae,Eragrostis
284,Cyprinodon_nevadensis,Permanent_Draft,PRJNA254053,EUKARYAL,Metazoa,Chordata,Cyprinodontidae,Cyprinodon
285,Fraxinus_excelsior,Permanent_Draft,PRJEB4958,EUKARYAL,Viridiplantae,Streptophyta,Oleaceae,Fraxinus
286,Solanum_habrochaites,Permanent_Draft,PRJEB5227,EUKARYAL,Viridiplantae,Streptophyta,Solanaceae,Solanum
287,Solanum_pennellii,Permanent_Draft,PRJEB5228,EUKARYAL,Viridiplantae,Streptophyta,Solanaceae,Solanum
288,Ursus_arctos,Permanent_Draft,PRJEB5121,EUKARYAL,Metazoa,Chordata,Ursidae,Ursus
289,Bison_bison,Permanent_Draft,PRJNA257088,EUKARYAL,Metazoa,Chordata,Bovidae,Bison
290,Spodoptera_frugiperda,Permanent_Draft,PRJNA257248,EUKARYAL,Metazoa,Arthropoda,Noctuidae,Spodoptera
291,Primula_veris,Permanent_Draft,PRJNA238546,EUKARYAL,Viridiplantae,Streptophyta,Primulaceae,Primula
292,Crotalus_pyrrhus,Permanent_Draft,PRJNA255393,EUKARYAL,Metazoa,Chordata,Viperidae,Crotalus
293,Arabis_montbretiana,Permanent_Draft,PRJNA258048,EUKARYAL,Viridiplantae,Streptophyta,Brassicaceae,Arabis
294,Arabis_nordmanniana,Permanent_Draft,PRJNA258061,EUKARYAL,Viridiplantae,Streptophyta,Brassicaceae,Arabis
295,Gossypium_hirsutum,Permanent_Draft,PRJNA259930,EUKARYAL,Viridiplantae,Streptophyta,Malvaceae,Gossypium
296,Musa_balbisiana,Complete_and_Published,PRJEB366,EUKARYAL,Viridiplantae,Streptophyta,Musaceae,Musa
297,Nasalis_larvatus,Permanent_Draft,PRJNA241312,EUKARYAL,Metazoa,Chordata,Cercopithecidae,Nasalis
298,Amphilophus_citrinellus,Permanent_Draft,PRJEB6974,EUKARYAL,Metazoa,Chordata,Cichlidae,Amphilophus
299,Capreolus_capreolus,Permanent_Draft,PRJEB4372,EUKARYAL,Metazoa,Chordata,Cervidae,Capreolus
300,Nilaparvata_lugens,Permanent_Draft,PRJNA177647,EUKARYAL,Metazoa,Arthropoda,Delphacidae,Nilaparvata
301,Dermatophagoides_farinae,Permanent_Draft,PRJNA174061,EUKARYAL,Metazoa,Arthropoda,Pyroglyphidae,Dermatophagoides
302,Populus_deltoides,Permanent_Draft,PRJNA333102,EUKARYAL,Viridiplantae,Streptophyta,Salicaceae,Populus
303,Boleophthalmus_pectinirostris,Permanent_Draft,PRJNA232434,EUKARYAL,Metazoa,Chordata,Gobiidae,Boleophthalmus
304,Capra_aegagrus,Complete_and_Published,PRJNA261263,EUKARYAL,Metazoa,Chordata,Bovidae,Capra
305,Catharanthus_roseus,Permanent_Draft,PRJNA252611,EUKARYAL,Viridiplantae,Streptophyta,Apocynaceae,Catharanthus
306,Dreissena_polymorpha,Permanent_Draft,PRJNA269790,EUKARYAL,Metazoa,Mollusca,Dreissenidae,Dreissena
307,Drosophila_albomicans,Complete_and_Published,PRJNA39511,EUKARYAL,Metazoa,Arthropoda,Drosophilidae,Drosophila
308,Papilio_machaon,Permanent_Draft,PRJNA270386,EUKARYAL,Metazoa,Arthropoda,Papilionidae,Papilio
309,Papilio_xuthus,Permanent_Draft,PRJNA270384,EUKARYAL,Metazoa,Arthropoda,Papilionidae,Papilio
310,Scleropages_formosus,Permanent_Draft,PRJNA232741,EUKARYAL,Metazoa,Chordata,Osteoglossidae,Scleropages
311,Selaginella_kraussiana,Permanent_Draft,PRJNA284650,EUKARYAL,Viridiplantae,Streptophyta,Selaginellaceae,Selaginella
312,Zosterops_lateralis,Permanent_Draft,PRJNA277310,EUKARYAL,Metazoa,Chordata,Zosteropidae,Zosterops
313,Habropoda_laboriosa,Permanent_Draft,PRJNA279436,EUKARYAL,Metazoa,Arthropoda,Apidae,Habropoda
314,Eufriesea_mexicana,Permanent_Draft,PRJNA279814,EUKARYAL,Metazoa,Arthropoda,Apidae,Eufriesea
315,Dufourea_novaeangliae,Permanent_Draft,PRJNA279825,EUKARYAL,Metazoa,Arthropoda,Halictidae,Dufourea
316,Chlorella_vulgaris,Permanent_Draft,PRJNA278897,EUKARYAL,Viridiplantae,Chlorophyta,Chlorellaceae,Chlorella
317,Nasonia_giraulti,Permanent_Draft,PRJNA20223,EUKARYAL,Metazoa,Arthropoda,Pteromalidae,Nasonia
318,Callorhinchus_milii,Complete_and_Published,PRJNA18361,EUKARYAL,Metazoa,Chordata,Callorhinchidae,Callorhinchus
319,Pteropus_vampyrus,Complete_and_Published,PRJNA20325,EUKARYAL,Metazoa,Chordata,Pteropodidae,Pteropus
320,Bactrocera_oleae,Permanent_Draft,PRJNA268391,EUKARYAL,Metazoa,Arthropoda,Tephritidae,Bactrocera
321,Coboldia_fuscipes,Permanent_Draft,PRJNA268391,EUKARYAL,Metazoa,Arthropoda,Scatopsidae,Coboldia
322,Drosophila_busckii,Permanent_Draft,PRJNA268391,EUKARYAL,Metazoa,Arthropoda,Drosophilidae,Drosophila
323,Hermetia_illucens,Permanent_Draft,PRJNA268391,EUKARYAL,Metazoa,Arthropoda,Stratiomyidae,Hermetia
324,Liriomyza_trifolii,Permanent_Draft,PRJNA268391,EUKARYAL,Metazoa,Arthropoda,Agromyzidae,Liriomyza
325,Lucilia_sericata,Permanent_Draft,PRJNA268391,EUKARYAL,Metazoa,Arthropoda,Calliphoridae,Lucilia
326,Mochlonyx_cinctipes,Permanent_Draft,PRJNA268391,EUKARYAL,Metazoa,Arthropoda,Chaoboridae,Mochlonyx
327,Scaptodrosophila_lebanonensis,Permanent_Draft,PRJNA268391,EUKARYAL,Metazoa,Arthropoda,Drosophilidae,Scaptodrosophila
328,Teleopsis_dalmanni,Permanent_Draft,PRJNA268391,EUKARYAL,Metazoa,Arthropoda,Diopsidae,Teleopsis
329,Tipula_oleracea,Permanent_Draft,PRJNA268391,EUKARYAL,Metazoa,Arthropoda,Tipulidae,Tipula
330,Heliconius_cydno,Permanent_Draft,PRJEB8011,EUKARYAL,Metazoa,Arthropoda,Nymphalidae,Heliconius
331,Heliconius_elevatus,Permanent_Draft,PRJEB8011,EUKARYAL,Metazoa,Arthropoda,Nymphalidae,Heliconius
332,Heliconius_ethilla,Permanent_Draft,PRJEB8011,EUKARYAL,Metazoa,Arthropoda,Nymphalidae,Heliconius
333,Heliconius_hecale,Permanent_Draft,PRJEB8011,EUKARYAL,Metazoa,Arthropoda,Nymphalidae,Heliconius
334,Heliconius_ismenius,Permanent_Draft,PRJEB8011,EUKARYAL,Metazoa,Arthropoda,Nymphalidae,Heliconius
335,Heliconius_numata,Permanent_Draft,PRJEB8011,EUKARYAL,Metazoa,Arthropoda,Nymphalidae,Heliconius
336,Heliconius_pardalinus,Permanent_Draft,PRJEB8011,EUKARYAL,Metazoa,Arthropoda,Nymphalidae,Heliconius
337,Heliconius_timareta,Permanent_Draft,PRJEB8011,EUKARYAL,Metazoa,Arthropoda,Nymphalidae,Heliconius
338,Trichinella_pseudospiralis,Permanent_Draft,PRJNA257433,EUKARYAL,Metazoa,Nematoda,Trichinellidae,Trichinella
339,Cebus_capucinus,Permanent_Draft,PRJNA298580,EUKARYAL,Metazoa,Chordata,Cebidae,Cebus
340,Xiphophorus_hellerii,Permanent_Draft,PRJNA290782,EUKARYAL,Metazoa,Chordata,Poeciliidae,Xiphophorus
341,Squalius_pyrenaicus,Permanent_Draft,PRJEB9465,EUKARYAL,Metazoa,Chordata,Cyprinidae,Squalius
342,Xiphophorus_couchianus,Permanent_Draft,PRJNA290781,EUKARYAL,Metazoa,Chordata,Poeciliidae,Xiphophorus
343,Microtus_agrestis,Permanent_Draft,PRJNA290426,EUKARYAL,Metazoa,Chordata,Cricetidae,Microtus
344,Apodemus_sylvaticus,Permanent_Draft,PRJNA290427,EUKARYAL,Metazoa,Chordata,Muridae,Apodemus
345,Myodes_glareolus,Permanent_Draft,PRJNA290429,EUKARYAL,Metazoa,Chordata,Cricetidae,Myodes
346,Triops_cancriformis,Permanent_Draft,PRJDB1662,EUKARYAL,Metazoa,Arthropoda,Triopsidae,Triops
347,Miichthys_miiuy,Permanent_Draft,PRJNA272995,EUKARYAL,Metazoa,Chordata,Sciaenidae,Miichthys
348,Miniopterus_natalensis,Permanent_Draft,PRJNA283550,EUKARYAL,Metazoa,Chordata,Vespertilionidae,Miniopterus
349,Calidris_pugnax,Permanent_Draft,PRJEB11427,EUKARYAL,Metazoa,Chordata,Scolopacidae,Calidris
350,Lepidothrix_coronata,Permanent_Draft,PRJNA300662,EUKARYAL,Metazoa,Chordata,Pipridae,Lepidothrix
351,Achipteria_coleoptrata,Permanent_Draft,PRJNA280488,EUKARYAL,Metazoa,Arthropoda,Achipteriidae,Achipteria
352,Platynothrus_peltifer,Permanent_Draft,PRJNA280488,EUKARYAL,Metazoa,Arthropoda,Camisiidae,Platynothrus
353,Steganacarus_magnus,Permanent_Draft,PRJNA280488,EUKARYAL,Metazoa,Arthropoda,Steganacaridae,Steganacarus
354,Hypochthonius_rufulus,Permanent_Draft,PRJNA280488,EUKARYAL,Metazoa,Arthropoda,Hypochthoniidae,Hypochthonius
355,Nicotiana_tabacum,Permanent_Draft,PRJNA208210,EUKARYAL,Viridiplantae,Streptophyta,Solanaceae,Nicotiana
356,Nicotiana_otophora,Permanent_Draft,PRJNA208212,EUKARYAL,Viridiplantae,Streptophyta,Solanaceae,Nicotiana
357,Silene_latifolia,Permanent_Draft,PRJNA289891,EUKARYAL,Viridiplantae,Streptophyta,Caryophyllaceae,Silene
358,Gekko_japonicus,Permanent_Draft,PRJNA298277,EUKARYAL,Metazoa,Chordata,Gekkonidae,Gekko
359,Nicrophorus_vespilloides,Permanent_Draft,PRJNA284849,EUKARYAL,Metazoa,Arthropoda,Silphidae,Nicrophorus
360,Trachymyrmex_zeteki,Permanent_Draft,PRJNA292628,EUKARYAL,Metazoa,Arthropoda,Formicidae,Trachymyrmex
361,Trachymyrmex_septentrionalis,Permanent_Draft,PRJNA292625,EUKARYAL,Metazoa,Arthropoda,Formicidae,Trachymyrmex
362,Trachymyrmex_cornetzi,Permanent_Draft,PRJNA292627,EUKARYAL,Metazoa,Arthropoda,Formicidae,Trachymyrmex
363,Cyphomyrmex_costatus,Permanent_Draft,PRJNA292630,EUKARYAL,Metazoa,Arthropoda,Formicidae,Cyphomyrmex
364,Apis_cerana,Permanent_Draft,PRJNA235974,EUKARYAL,Metazoa,Arthropoda,Apidae,Apis
365,Amazona_aestiva,Permanent_Draft,PRJNA294082,EUKARYAL,Metazoa,Chordata,Psittacidae,Amazona
366,Balaenoptera_bonaerensis,Permanent_Draft,PRJDB1465,EUKARYAL,Metazoa,Chordata,Balaenopteridae,Balaenoptera
367,Vitis_aestivalis,Permanent_Draft,PRJNA302606,EUKARYAL,Viridiplantae,Streptophyta,Vitaceae,Vitis
368,Anopheles_koliensis,Permanent_Draft,PRJNA248827,EUKARYAL,Metazoa,Arthropoda,Culicidae,Anopheles
369,Anopheles_punctulatus,Permanent_Draft,PRJNA248827,EUKARYAL,Metazoa,Arthropoda,Culicidae,Anopheles
370,Marmota_marmota,Permanent_Draft,PRJEB8272,EUKARYAL,Metazoa,Chordata,Sciuridae,Marmota
371,Humulus_lupulus,Permanent_Draft,PRJDB3233,EUKARYAL,Viridiplantae,Streptophyta,Cannabaceae,Humulus
372,Lymnaea_stagnalis,Permanent_Draft,PRJEB11470,EUKARYAL,Metazoa,Mollusca,Lymnaeidae,Lymnaea
373,Aedes_albopictus,Permanent_Draft,PRJNA289460,EUKARYAL,Metazoa,Arthropoda,Culicidae,Aedes
374,Pantherophis_guttatus,Permanent_Draft,PRJNA268069,EUKARYAL,Metazoa,Chordata,Colubridae,Pantherophis
375,Fasciola_hepatica,Permanent_Draft,PRJEB6687,EUKARYAL,Metazoa,Platyhelminthes,Fasciolidae,Fasciola
376,Chironomus_tentans,Permanent_Draft,PRJEB1888,EUKARYAL,Metazoa,Arthropoda,Chironomidae,Chironomus
377,Sphaeromyxa_zaharoni,Permanent_Draft,PRJNA284326,EUKARYAL,Metazoa,Cnidaria,Sphaeromyxidae,Sphaeromyxa
378,Enteromyxum_leei,Permanent_Draft,PRJNA284325,EUKARYAL,Metazoa,Cnidaria,Myxidiidae,Enteromyxum
379,Wasmannia_auropunctata,Permanent_Draft,PRJDB3443,EUKARYAL,Metazoa,Arthropoda,Formicidae,Wasmannia
380,Papilio_polytes,Permanent_Draft,PRJDB2954,EUKARYAL,Metazoa,Arthropoda,Papilionidae,Papilio
381,Eulemur_flavifrons,Permanent_Draft,PRJNA284191,EUKARYAL,Metazoa,Chordata,Lemuridae,Eulemur
382,Eulemur_macaco,Permanent_Draft,PRJNA284191,EUKARYAL,Metazoa,Chordata,Lemuridae,Eulemur
383,Mentha_longifolia,Permanent_Draft,PRJNA310613,EUKARYAL,Viridiplantae,Streptophyta,Lamiaceae,Mentha
384,Lates_calcarifer,Permanent_Draft,PRJNA294489,EUKARYAL,Metazoa,Chordata,Centropomidae,Lates
385,Drosophila_americana,Permanent_Draft,PRJEB9848,EUKARYAL,Metazoa,Arthropoda,Drosophilidae,Drosophila
386,Clupea_harengus,Permanent_Draft,PRJNA265919,EUKARYAL,Metazoa,Chordata,Clupeidae,Clupea
387,Ferrisia_virgata,Permanent_Draft,PRJEB12067,EUKARYAL,Metazoa,Arthropoda,Pseudococcidae,Ferrisia
388,Pseudococcus_longispinus,Permanent_Draft,PRJEB12068,EUKARYAL,Metazoa,Arthropoda,Pseudococcidae,Pseudococcus
389,Lasius_niger,Permanent_Draft,PRJNA269328,EUKARYAL,Metazoa,Arthropoda,Formicidae,Lasius
390,Zeugodacus_cucurbitae,Permanent_Draft,PRJNA259565,EUKARYAL,Metazoa,Arthropoda,Tephritidae,Zeugodacus
391,Oryza_officinalis,Complete_and_Published,PRJNA239525,EUKARYAL,Viridiplantae,Streptophyta,Poaceae,Oryza
392,Branchiostoma_belcheri,Permanent_Draft,PRJNA214454,EUKARYAL,Metazoa,Chordata,Branchiostomidae,Branchiostoma
393,Sinocyclocheilus_anshuiensis,Permanent_Draft,PRJNA274017,EUKARYAL,Metazoa,Chordata,Cyprinidae,Sinocyclocheilus
394,Sinocyclocheilus_grahami,Permanent_Draft,PRJNA274017,EUKARYAL,Metazoa,Chordata,Cyprinidae,Sinocyclocheilus
395,Sinocyclocheilus_rhinocerous,Permanent_Draft,PRJNA274017,EUKARYAL,Metazoa,Chordata,Cyprinidae,Sinocyclocheilus
396,Corbicula_fluminea,Permanent_Draft,PRJNA318156,EUKARYAL,Metazoa,Mollusca,Corbiculidae,Corbicula
397,Protobothrops_mucrosquamatus,Permanent_Draft,PRJDB4386,EUKARYAL,Metazoa,Chordata,Viperidae,Protobothrops
398,Caligus_rogercresseyi,Permanent_Draft,PRJNA280098,EUKARYAL,Metazoa,Arthropoda,Caligidae,Caligus
399,Anguilla_rostrata,Permanent_Draft,PRJNA285069,EUKARYAL,Metazoa,Chordata,Anguillidae,Anguilla
400,Sturnus_vulgaris,Permanent_Draft,PRJNA293892,EUKARYAL,Metazoa,Chordata,Sturnidae,Sturnus
401,Daphnia_magna,Permanent_Draft,PRJNA298946,EUKARYAL,Metazoa,Arthropoda,Daphniidae,Daphnia
402,Acinonyx_jubatus,Permanent_Draft,PRJNA297632,EUKARYAL,Metazoa,Chordata,Felidae,Acinonyx
403,Ptychodera_flava,Permanent_Draft,PRJDB3182,EUKARYAL,Metazoa,Hemichordata,Ptychoderidae,Ptychodera
404,Papilio_glaucus,Permanent_Draft,PRJNA270125,EUKARYAL,Metazoa,Arthropoda,Papilionidae,Papilio
405,Phoebis_sennae,Permanent_Draft,PRJNA308118,EUKARYAL,Metazoa,Arthropoda,Pieridae,Phoebis
406,Nanorana_parkeri,Permanent_Draft,PRJNA243398,EUKARYAL,Metazoa,Chordata,Dicroglossidae,Nanorana
407,Ceratina_calcarata,Permanent_Draft,PRJNA299559,EUKARYAL,Metazoa,Arthropoda,Apidae,Ceratina
408,Rousettus_aegyptiacus,Permanent_Draft,PRJNA303181,EUKARYAL,Metazoa,Chordata,Pteropodidae,Rousettus
409,Spinacia_oleracea,Permanent_Draft,PRJNA41497,EUKARYAL,Viridiplantae,Streptophyta,Chenopodiaceae,Spinacia
410,Hibiscus_syriacus,Permanent_Draft,PRJNA320964,EUKARYAL,Viridiplantae,Streptophyta,Malvaceae,Hibiscus
411,Vicia_faba,Permanent_Draft,PRJEB8906,EUKARYAL,Viridiplantae,Streptophyta,Fabaceae,Vicia
412,Nephila_clavipes,Permanent_Draft,PRJNA356433,EUKARYAL,Metazoa,Arthropoda,Nephilidae,Nephila
413,Nannopterum_auritus,Permanent_Draft,PRJNA327123,EUKARYAL,Metazoa,Chordata,Phalacrocoracidae,Nannopterum
414,Nannopterum_brasilianus,Permanent_Draft,PRJNA327123,EUKARYAL,Metazoa,Chordata,Phalacrocoracidae,Nannopterum
415,Urile_pelagicus,Permanent_Draft,PRJNA327123,EUKARYAL,Metazoa,Chordata,Phalacrocoracidae,Urile
416,Fagopyrum_esculentum,Permanent_Draft,PRJDB4232,EUKARYAL,Viridiplantae,Streptophyta,Polygonaceae,Fagopyrum
417,Chlamydomonas_debaryana,Permanent_Draft,PRJDB4711,EUKARYAL,Viridiplantae,Chlorophyta,Chlamydomonadaceae,Chlamydomonas
418,Cephalotus_follicularis,Permanent_Draft,PRJDB4484,EUKARYAL,Viridiplantae,Streptophyta,Cephalotaceae,Cephalotus
419,Meloidogyne_arenaria,Permanent_Draft,PRJEB8714,EUKARYAL,Metazoa,Nematoda,Meloidogynidae,Meloidogyne
420,Meloidogyne_javanica,Permanent_Draft,PRJEB8714,EUKARYAL,Metazoa,Nematoda,Meloidogynidae,Meloidogyne
421,Zaprionus_indianus,Permanent_Draft,PRJNA317406,EUKARYAL,Metazoa,Arthropoda,Drosophilidae,Zaprionus
422,Maccullochella_peelii,Permanent_Draft,PRJNA290988,EUKARYAL,Metazoa,Chordata,Percichthyidae,Maccullochella
423,Rhinolophus_sinicus,Permanent_Draft,PRJNA294852,EUKARYAL,Metazoa,Chordata,Rhinolophidae,Rhinolophus
424,Xenopus_laevis,Complete_and_Published,PRJNA313213,EUKARYAL,Metazoa,Chordata,Pipidae,Xenopus
425,Citrus_cavaleriei,Permanent_Draft,PRJNA321657,EUKARYAL,Viridiplantae,Streptophyta,Rutaceae,Citrus
426,Monomorium_pharaonis,Permanent_Draft,PRJDB3164,EUKARYAL,Metazoa,Arthropoda,Formicidae,Monomorium
427,Momordica_charantia,Permanent_Draft,PRJDB4642,EUKARYAL,Viridiplantae,Streptophyta,Cucurbitaceae,Momordica
428,Pinctada_martensii,Complete_and_Published,PRJNA283019,EUKARYAL,Metazoa,Mollusca,Pteriidae,Pinctada
429,Ursus_maritimus,Permanent_Draft,PRJNA210951,EUKARYAL,Metazoa,Chordata,Ursidae,Ursus
430,Ictalurus_punctatus,Complete_and_Published,PRJNA281269,EUKARYAL,Metazoa,Chordata,Ictaluridae,Ictalurus
431,Seriola_quinqueradiata,Permanent_Draft,PRJDB5349,EUKARYAL,Metazoa,Chordata,Carangidae,Seriola
432,Drosophila_arizonae,Permanent_Draft,PRJNA309836,EUKARYAL,Metazoa,Arthropoda,Drosophilidae,Drosophila
433,Drosophila_navojoa,Permanent_Draft,PRJNA309833,EUKARYAL,Metazoa,Arthropoda,Drosophilidae,Drosophila
434,Meriones_unguiculatus,Permanent_Draft,PRJNA385619,EUKARYAL,Metazoa,Chordata,Muridae,Meriones
435,Orchesella_cincta,Permanent_Draft,PRJNA294050,EUKARYAL,Metazoa,Arthropoda,Entomobryidae,Orchesella
436,Triticum_dicoccoides,Complete_and_Published,PRJNA310175,EUKARYAL,Viridiplantae,Streptophyta,Poaceae,Triticum
437,Morone_saxatilis,Permanent_Draft,PRJNA266827,EUKARYAL,Metazoa,Chordata,Moronidae,Morone
438,Callipepla_squamata,Permanent_Draft,PRJNA301734,EUKARYAL,Metazoa,Chordata,Odontophoridae,Callipepla
439,Secale_cereale,Permanent_Draft,PRJEB13501,EUKARYAL,Viridiplantae,Streptophyta,Poaceae,Secale
440,Setophaga_coronata,Permanent_Draft,PRJNA325157,EUKARYAL,Metazoa,Chordata,Parulidae,Setophaga
441,Ipomoea_nil,Permanent_Draft,PRJDB4356,EUKARYAL,Viridiplantae,Streptophyta,Convolvulaceae,Ipomoea
442,Vigna_unguiculata,Permanent_Draft,PRJNA325510,EUKARYAL,Viridiplantae,Streptophyta,Fabaceae,Vigna
443,Cervus_elaphus,Complete_and_Published,PRJNA324173,EUKARYAL,Metazoa,Chordata,Cervidae,Cervus
444,Calopteryx_splendens,Permanent_Draft,PRJNA315816,EUKARYAL,Metazoa,Arthropoda,Calopterygidae,Calopteryx
445,Drosophila_nasuta,Permanent_Draft,PRJNA318839,EUKARYAL,Metazoa,Arthropoda,Drosophilidae,Drosophila
446,Ophionereis_fasciata,Permanent_Draft,PRJEB10339,EUKARYAL,Metazoa,Echinodermata,Ophionereidae,Ophionereis
447,Crassostrea_virginica,Permanent_Draft,PRJNA376014,EUKARYAL,Metazoa,Mollusca,Ostreidae,Crassostrea
448,Hippocampus_comes,Permanent_Draft,PRJNA314292,EUKARYAL,Metazoa,Chordata,Syngnathidae,Hippocampus
449,Vollenhovia_emeryi,Permanent_Draft,PRJDB3517,EUKARYAL,Metazoa,Arthropoda,Formicidae,Vollenhovia
450,Phylloscopus_trochiloides,Permanent_Draft,PRJNA314720,EUKARYAL,Metazoa,Chordata,Phylloscopidae,Phylloscopus
451,Drosophila_serrata,Permanent_Draft,PRJNA355616,EUKARYAL,Metazoa,Arthropoda,Drosophilidae,Drosophila
452,Myzus_persicae,Permanent_Draft,PRJNA319804,EUKARYAL,Metazoa,Arthropoda,Aphididae,Myzus
453,Nicotiana_obtusifolia,Permanent_Draft,PRJNA316794,EUKARYAL,Viridiplantae,Streptophyta,Solanaceae,Nicotiana
454,Numida_meleagris,Complete_and_Published,PRJNA352321,EUKARYAL,Metazoa,Chordata,Numididae,Numida
455,Oryza_minuta,Complete_and_Published,PRJNA239524,EUKARYAL,Viridiplantae,Streptophyta,Poaceae,Oryza
456,Psammomys_obesus,Permanent_Draft,PRJNA355058,EUKARYAL,Metazoa,Chordata,Muridae,Psammomys
457,Citrus_maxima,Complete_and_Published,PRJNA318855,EUKARYAL,Viridiplantae,Streptophyta,Rutaceae,Citrus
458,Taenia_multiceps,Permanent_Draft,PRJNA307624,EUKARYAL,Metazoa,Platyhelminthes,Taeniidae,Taenia
459,Pygocentrus_nattereri,Permanent_Draft,PRJNA301891,EUKARYAL,Metazoa,Chordata,Serrasalmidae,Pygocentrus
460,Ananas_comosus,Permanent_Draft,PRJNA300906,EUKARYAL,Viridiplantae,Streptophyta,Bromeliaceae,Ananas
461,Phormia_regina,Permanent_Draft,PRJNA338752,EUKARYAL,Metazoa,Arthropoda,Calliphoridae,Phormia
462,Lolium_perenne,Permanent_Draft,PRJNA340873,EUKARYAL,Viridiplantae,Streptophyta,Poaceae,Lolium
463,Grus_japonensis,Permanent_Draft,PRJDB4708,EUKARYAL,Metazoa,Chordata,Gruidae,Grus
464,Ciconia_boyciana,Permanent_Draft,PRJDB4709,EUKARYAL,Metazoa,Chordata,Ciconiidae,Ciconia
465,Taenia_asiatica,Permanent_Draft,PRJNA299871,EUKARYAL,Metazoa,Platyhelminthes,Taeniidae,Taenia
466,Anopheles_cracens,Permanent_Draft,PRJNA309364,EUKARYAL,Metazoa,Arthropoda,Culicidae,Anopheles
467,Nasutitermes_exitiosus,Permanent_Draft,PRJEB8629,EUKARYAL,Metazoa,Arthropoda,Termitidae,Nasutitermes
468,Oncorhynchus_mykiss,Complete_and_Published,PRJNA335610,EUKARYAL,Metazoa,Chordata,Salmonidae,Oncorhynchus
469,Gallirallus_okinawae,Permanent_Draft,PRJDB4707,EUKARYAL,Metazoa,Chordata,Rallidae,Gallirallus
470,Orbicella_faveolata,Permanent_Draft,PRJNA342412,EUKARYAL,Metazoa,Cnidaria,Merulinidae,Orbicella
471,Barbarea_vulgaris,Permanent_Draft,PRJNA321292,EUKARYAL,Viridiplantae,Streptophyta,Brassicaceae,Barbarea
472,Brassica_juncea,Complete_and_Published,PRJNA285130,EUKARYAL,Viridiplantae,Streptophyta,Brassicaceae,Brassica
473,Brassica_nigra,Complete_and_Published,PRJNA285130,EUKARYAL,Viridiplantae,Streptophyta,Brassicaceae,Brassica
474,Dendrobium_catenatum,Permanent_Draft,PRJNA262478,EUKARYAL,Viridiplantae,Streptophyta,Orchidaceae,Dendrobium
475,Neomonachus_schauinslandi,Permanent_Draft,PRJNA384558,EUKARYAL,Metazoa,Chordata,Phocidae,Neomonachus
476,Drosophila_obscura,Permanent_Draft,PRJDB4578,EUKARYAL,Metazoa,Arthropoda,Drosophilidae,Drosophila
477,Phodopus_sungorus,Permanent_Draft,PRJNA318271,EUKARYAL,Metazoa,Chordata,Cricetidae,Phodopus
478,Prunus_avium,Permanent_Draft,PRJDB4877,EUKARYAL,Viridiplantae,Streptophyta,Rosaceae,Prunus
479,Pseudomyrmex_gracilis,Permanent_Draft,PRJNA268384,EUKARYAL,Metazoa,Arthropoda,Formicidae,Pseudomyrmex
480,Armadillidium_vulgare,Permanent_Draft,PRJNA318167,EUKARYAL,Metazoa,Arthropoda,Armadillidiidae,Armadillidium
481,Phylloscopus_plumbeitarsus,Permanent_Draft,PRJNA314915,EUKARYAL,Metazoa,Chordata,Phylloscopidae,Phylloscopus
482,Ailurus_fulgens,Permanent_Draft,PRJNA298932,EUKARYAL,Metazoa,Chordata,Ailuridae,Ailurus
483,Echinococcus_canadensis,Permanent_Draft,PRJEB8992,EUKARYAL,Metazoa,Platyhelminthes,Taeniidae,Echinococcus
484,Phascolarctos_cinereus,Permanent_Draft,PRJNA359763,EUKARYAL,Metazoa,Chordata,Phascolarctidae,Phascolarctos
485,Drosera_capensis,Permanent_Draft,PRJNA291419,EUKARYAL,Viridiplantae,Streptophyta,Droseraceae,Drosera
486,Dermatophagoides_pteronyssinus,Permanent_Draft,PRJNA353927,EUKARYAL,Metazoa,Arthropoda,Pyroglyphidae,Dermatophagoides
487,Castor_canadensis,Permanent_Draft,PRJEB19765,EUKARYAL,Metazoa,Chordata,Castoridae,Castor
488,Citrus_medica,Permanent_Draft,PRJNA320023,EUKARYAL,Viridiplantae,Streptophyta,Rutaceae,Citrus
489,Cenchrus_americanus,Complete_and_Published,PRJNA294988,EUKARYAL,Viridiplantae,Streptophyta,Poaceae,Cenchrus
490,Neotoma_lepida,Permanent_Draft,PRJNA319537,EUKARYAL,Metazoa,Chordata,Cricetidae,Neotoma
491,Tetradesmus_obliquus,Permanent_Draft,PRJEB15865,EUKARYAL,Viridiplantae,Chlorophyta,Scenedesmaceae,Tetradesmus
492,Mola_mola,Permanent_Draft,PRJNA305960,EUKARYAL,Metazoa,Chordata,Molidae,Mola
493,Bathymodiolus_platifrons,Permanent_Draft,PRJNA328542,EUKARYAL,Metazoa,Mollusca,Mytilidae,Bathymodiolus
494,Bemisia_tabaci,Permanent_Draft,PRJNA312470,EUKARYAL,Metazoa,Arthropoda,Aleyrodidae,Bemisia
495,Patagioenas_fasciata,Permanent_Draft,PRJNA308039,EUKARYAL,Metazoa,Chordata,Columbidae,Patagioenas
496,Sporophila_hypoxantha,Permanent_Draft,PRJNA382416,EUKARYAL,Metazoa,Chordata,Thraupidae,Sporophila
497,Equus_asinus,Permanent_Draft,PRJNA259598,EUKARYAL,Metazoa,Chordata,Equidae,Equus
498,Dactylopius_coccus,Permanent_Draft,PRJNA244295,EUKARYAL,Metazoa,Arthropoda,Dactylopiidae,Dactylopius
499,Ammotragus_lervia,Permanent_Draft,PRJNA361449,EUKARYAL,Metazoa,Chordata,Bovidae,Ammotragus
500,Passer_domesticus,Complete_and_Published,PRJNA255814,EUKARYAL,Metazoa,Chordata,Passeridae,Passer
501,Tympanuchus_cupido,Permanent_Draft,PRJNA330991,EUKARYAL,Metazoa,Chordata,Phasianidae,Tympanuchus
502,Pinus_sylvestris,Permanent_Draft,PRJEB18435,EUKARYAL,Viridiplantae,Streptophyta,Pinaceae,Pinus
503,Seriola_dumerili,Permanent_Draft,PRJDB5856,EUKARYAL,Metazoa,Chordata,Carangidae,Seriola
504,Lycaon_pictus,Complete_and_Published,PRJNA304992,EUKARYAL,Metazoa,Chordata,Canidae,Lycaon
505,Eschrichtius_robustus,Permanent_Draft,PRJNA384396,EUKARYAL,Metazoa,Chordata,Eschrichtiidae,Eschrichtius
506,Clunio_marinus,Permanent_Draft,PRJEB8339,EUKARYAL,Metazoa,Arthropoda,Chironomidae,Clunio
507,Trifolium_subterraneum,Permanent_Draft,PRJDB2012,EUKARYAL,Viridiplantae,Streptophyta,Fabaceae,Trifolium
508,Labrus_bergylta,Permanent_Draft,PRJEB13687,EUKARYAL,Metazoa,Chordata,Labridae,Labrus
509,Pieris_rapae,Permanent_Draft,PRJNA318727,EUKARYAL,Metazoa,Arthropoda,Pieridae,Pieris
510,Leuciscus_waleckii,Permanent_Draft,PRJEB12292,EUKARYAL,Metazoa,Chordata,Cyprinidae,Leuciscus
511,Pseudodiploria_strigosa,Permanent_Draft,PRJEB6871,EUKARYAL,Metazoa,Cnidaria,Mussidae,Pseudodiploria
512,Anas_zonorhyncha,Permanent_Draft,PRJNA392350,EUKARYAL,Metazoa,Chordata,Anatidae,Anas
513,Juglans_regia,Permanent_Draft,PRJNA291087,EUKARYAL,Viridiplantae,Streptophyta,Juglandaceae,Juglans
514,Macleaya_cordata,Permanent_Draft,PRJNA359127,EUKARYAL,Viridiplantae,Streptophyta,Papaveraceae,Macleaya
515,Primula_vulgaris,Permanent_Draft,PRJEB7311,EUKARYAL,Viridiplantae,Streptophyta,Primulaceae,Primula
516,Acanthochromis_polyacanthus,Permanent_Draft,PRJNA311159,EUKARYAL,Metazoa,Chordata,Pomacentridae,Acanthochromis
517,Ambystoma_mexicanum,Permanent_Draft,PRJNA269757,EUKARYAL,Metazoa,Chordata,Ambystomatidae,Ambystoma
518,Asymmetron_lucayanum,Permanent_Draft,PRJNA280114,EUKARYAL,Metazoa,Chordata,Branchiostomidae,Asymmetron
519,Capsella_bursa-pastoris,Permanent_Draft,PRJNA352734,EUKARYAL,Viridiplantae,Streptophyta,Brassicaceae,Capsella
520,Malaclemys_terrapin,Permanent_Draft,PRJNA339452,EUKARYAL,Metazoa,Chordata,Emydidae,Malaclemys
521,Eleusine_coracana,Permanent_Draft,PRJNA318349,EUKARYAL,Viridiplantae,Streptophyta,Poaceae,Eleusine
522,Hipposideros_armiger,Permanent_Draft,PRJNA267039,EUKARYAL,Metazoa,Chordata,Hipposideridae,Hipposideros
523,Manis_javanica,Permanent_Draft,PRJNA256023,EUKARYAL,Metazoa,Chordata,Manidae,Manis
524,Pinus_lambertiana,Permanent_Draft,PRJNA174450,EUKARYAL,Viridiplantae,Streptophyta,Pinaceae,Pinus
525,Pseudotsuga_menziesii,Permanent_Draft,PRJNA174450,EUKARYAL,Viridiplantae,Streptophyta,Pinaceae,Pseudotsuga
526,Ellobius_talpinus,Permanent_Draft,PRJNA305123,EUKARYAL,Metazoa,Chordata,Cricetidae,Ellobius
527,Ellobius_lutescens,Permanent_Draft,PRJNA305123,EUKARYAL,Metazoa,Chordata,Cricetidae,Ellobius
528,Taenia_saginata,Permanent_Draft,PRJNA71493,EUKARYAL,Metazoa,Platyhelminthes,Taeniidae,Taenia
529,Taenia_solium,Permanent_Draft,PRJNA170813,EUKARYAL,Metazoa,Platyhelminthes,Taeniidae,Taenia
530,Mizuhopecten_yessoensis,Permanent_Draft,PRJNA259405,EUKARYAL,Metazoa,Mollusca,Pectinidae,Mizuhopecten
531,Gossypium_barbadense,Permanent_Draft,PRJNA219156,EUKARYAL,Viridiplantae,Streptophyta,Malvaceae,Gossypium
532,Dorcoceras_hygrometricum,Permanent_Draft,PRJNA182117,EUKARYAL,Viridiplantae,Streptophyta,Gesneriaceae,Dorcoceras
533,Lonchura_striata,Permanent_Draft,PRJNA369279,EUKARYAL,Metazoa,Chordata,Estrildidae,Lonchura
534,Conringia_planisiliqua,Permanent_Draft,PRJEB16743,EUKARYAL,Viridiplantae,Streptophyta,Brassicaceae,Conringia
535,Euclidium_syriacum,Permanent_Draft,PRJEB16743,EUKARYAL,Viridiplantae,Streptophyta,Brassicaceae,Euclidium
536,Pogona_vitticeps,Permanent_Draft,PRJEB5206,EUKARYAL,Metazoa,Chordata,Agamidae,Pogona
537,Passiflora_edulis,Permanent_Draft,PRJNA371406,EUKARYAL,Viridiplantae,Streptophyta,Passifloraceae,Passiflora
538,Neobellieria_bullata,Permanent_Draft,PRJNA268391,EUKARYAL,Metazoa,Arthropoda,Sarcophagidae,Neobellieria
539,Calliphora_vicina,Permanent_Draft,PRJNA268391,EUKARYAL,Metazoa,Arthropoda,Calliphoridae,Calliphora
540,Neruda_aoede,Permanent_Draft,PRJEB8011,EUKARYAL,Metazoa,Arthropoda,Nymphalidae,Neruda
541,Laparus_doris,Permanent_Draft,PRJEB8011,EUKARYAL,Metazoa,Arthropoda,Nymphalidae,Laparus
542,Heliconius_hecuba,Permanent_Draft,PRJEB8011,EUKARYAL,Metazoa,Arthropoda,Nymphalidae,Heliconius
543,Heliconius_heurippa,Permanent_Draft,PRJEB8011,EUKARYAL,Metazoa,Arthropoda,Nymphalidae,Heliconius
544,Heliconius_hierax,Permanent_Draft,PRJEB8011,EUKARYAL,Metazoa,Arthropoda,Nymphalidae,Heliconius
545,Heliconius_pachinus,Permanent_Draft,PRJEB8011,EUKARYAL,Metazoa,Arthropoda,Nymphalidae,Heliconius
546,Heliconius_wallacei,Permanent_Draft,PRJEB8011,EUKARYAL,Metazoa,Arthropoda,Nymphalidae,Heliconius
547,Heliconius_xanthocles,Permanent_Draft,PRJEB8011,EUKARYAL,Metazoa,Arthropoda,Nymphalidae,Heliconius
548,Anopheles_farauti,Permanent_Draft,PRJNA248827,EUKARYAL,Metazoa,Arthropoda,Culicidae,Anopheles
549,Okapia_johnstoni,Permanent_Draft,PRJNA313910,EUKARYAL,Metazoa,Chordata,Giraffidae,Okapia
550,Capsicum_chinense,Complete_and_Published,PRJNA331024,EUKARYAL,Viridiplantae,Streptophyta,Solanaceae,Capsicum
551,Capsicum_baccatum,Complete_and_Published,PRJNA308879,EUKARYAL,Viridiplantae,Streptophyta,Solanaceae,Capsicum
552,Rana_catesbeiana,Permanent_Draft,PRJNA285814,EUKARYAL,Metazoa,Chordata,Ranidae,Rana
553,Limosa_lapponica,Permanent_Draft,PRJNA321163,EUKARYAL,Metazoa,Chordata,Scolopacidae,Limosa
554,Tetrabaena_socialis,Permanent_Draft,PRJNA393411,EUKARYAL,Viridiplantae,Chlorophyta,Tetrabaenaceae,Tetrabaena
